tau,cost_pct_change,stockout_pp,guard_ok
q0.85,-9.694135982856034,2.008928571428571,False
q0.866,-9.809727904409382,0.9207589285714274,True
q0.9,-7.690109747386198,-1.4229910714285725,True
