metric,mean_control,mean_treatment,diff,pct_change,ci95_low,ci95_high,cohens_d,p_value,test
total_cost_per_series,222.84257206208426,194.15367483296214,-28.68889722912212,-12.874064844813113,-59.94697726902355,4.537360431409478,-0.1175162491211167,0.0008442456637587804,mann_whitney_u
stockout_day_rate,0.04424031253299546,0.13343769900233496,0.0891973864693395,201.6201544752063,,,,0.0,two_prop_z
wmape_guardrail,0.8286186272954332,1.1103525723559884,0.28173394506055516,34.00043587966635,,,,,n/a
