ratio,cost_pct_change,p,ci_low,ci_high,stockout_pp,decision
3:1,1.4958018768080152,0.2982221964792068,-0.20566666666666666,2.1245833333333324,-1.037037037037039,HOLD
5:1,1.2344284059772324,0.04497815348889141,-0.47683333333333333,2.3922222222222222,-0.4074074074074077,HOLD
9:1,0.4727380167731085,0.011900182342682508,-1.4323611111111112,2.2541388888888845,-0.46296296296296363,HOLD
