tau,cost_pct_change,stockout_pp,guard_ok
q0.85,-13.739287836023006,2.470548664435257,False
q0.866,-13.50836584217575,1.2793692984183245,True
q0.9,-11.712042054561888,-1.3314628863949587,True
