cat_id,n_series,total_units,mean_weekly,zero_rate
FOODS,300,754715,10.799694154846323,0.185904842912408
HOBBIES,300,310500,4.412548460573044,0.2878485574780995
HOUSEHOLD,300,393951,6.067019341223511,0.23589387633426825
