ratio,cost_pct_change,p,ci_low,ci_high,stockout_pp,decision
3:1,4.621467115456537,4.64191924885275e-17,0.14444444444444443,1.6978055555555553,-6.416666666666666,HOLD
5:1,-5.592746377425641,0.13047507460874555,-2.5344722222222225,-0.438583333333335,-0.7500000000000007,HOLD
9:1,-6.070374266227818,3.394573856398967e-09,-3.8378055555555557,-0.01613888888889177,2.9444444444444438,HOLD
