tau,cost_pct_change,stockout_pp,guard_ok
q0.75,0.44703389830509366,9.375000000000002,False
q0.833,-3.936440677966102,3.1111111111111103,False
q0.9,-1.4936440677966067,-1.527777777777778,True
