ratio,cost_pct_change,p,stockout_pp,decision
5:1,-14.091791083551172,2.3235967775162567e-110,1.5677298680842666,SHIP
3:1,-9.017564568246142,2.959404767364772e-74,-3.9976701450416763,SHIP
9:1,-9.362589019132386,5.644416317718638e-26,5.562118527269146,HOLD
