wmape_vw,wmape_uw,rmse_mean,mase_median,n_series,model,fold,secs
0.7890998173315139,1.306080161794541,1.3281190460719492,0.9035245762668369,835,lstm_seq2seq,fold_1,100.0
0.8036316193592086,1.2936816881764193,1.248789822544078,0.8745806862073369,855,lstm_seq2seq,fold_2,110.0
0.7673607325385319,1.2013363465084184,1.2520039887655674,0.8926734158557943,874,lstm_seq2seq,fold_3,72.3
