metric,mean_control,mean_treatment,diff,pct_change,ci95_low,ci95_high,cohens_d,p_value,test,version
total_cost_per_series,222.84257206208423,232.58129175946547,9.738719697381214,4.370224058744032,-24.59204724467777,46.58077422604554,0.036432610592277,0.1588625932608254,mann_whitney_u,v1_lstm_mse
stockout_day_rate,0.0442403125329954,0.0500955211207811,0.0058552085877856,13.23500728757001,,,,0.0001467033906104,two_prop_z,v1_lstm_mse
wmape_guardrail,0.8286186272954332,0.7915757138709594,-0.0370429134244738,-4.470441793636715,,,,,,v1_lstm_mse
total_cost_per_series,222.84257206208423,190.5924276169265,-32.25014444515776,-14.472164877083191,-63.849094810344745,1.1576181857687795,-0.1314513413147677,9.034113885069942e-05,mann_whitney_u,v2_lstm_q80
stockout_day_rate,0.0442403125329954,0.1206219486308639,0.0763816360978684,172.65166479305788,,,,0.0,two_prop_z,v2_lstm_q80
wmape_guardrail,0.8286186272954332,1.1344524767716877,0.3058338494762544,36.90887935677715,,,,,,v2_lstm_q80
