model,wmape_vw,wmape_uw,rmse,mase,secs,bias_units
lstm_seq2seq_mse,0.7922708888814931,1.260216284674798,1.2945019007597611,0.9028319803651416,156.2,
ets,0.8281892810676762,1.3240593065277653,1.2817213485886418,0.9161871535879672,95.7,
lightgbm,0.8384946059446728,1.4610055093671497,1.2695533100668983,0.9691272505048618,36.6,
seasonal_naive,0.9937272533234864,1.4521885732633362,1.6767838344973327,1.035915780748193,0.4,
lstm_seq2seq_q80,1.1037825052544115,1.66296251071836,1.5814316069244603,1.1724100886923372,156.2,53699.48482583125
