wmape_vw,wmape_uw,rmse_mean,mase_median,bias_units,n_series,model,fold,secs
1.1221359451651571,1.7944245369112182,1.640692959462403,1.2030726357764714,19202.441135371017,835,lstm_seq2seq_q80,fold_1,40.6
1.1848704821064482,1.7345066741641433,1.6185075555272082,1.1804134690761567,21075.14737316064,855,lstm_seq2seq_q80,fold_2,99.4
1.0976044627528116,1.6769240351797319,1.5772728579312296,1.2249941948833154,19142.364005583404,874,lstm_seq2seq_q80,fold_3,106.5
