scope,tau,n,pct_change,wilcoxon_p,ttest_rel_p,ci_low,ci_high,stockout_pp,decision
fold_3,0.9,900,-14.257684761281883,2.1025414756070434e-35,2.1550749984285586e-13,-13.766972222222224,-8.096638888888888,2.158730158730158,HOLD
